<?xml version="1.0" encoding="UTF-8"?>
<metadata xml:lang="en"><Esri><CreaDate>20130408</CreaDate><CreaTime>16052400</CreaTime><ArcGISFormat>1.0</ArcGISFormat><SyncOnce>FALSE</SyncOnce><DataProperties><lineage><Process ToolSource="c:\program files (x86)\arcgis\desktop10.1\ArcToolbox\Toolboxes\Data Management Tools.tbx\DefineProjection" Date="20130408" Time="160043">DefineProjection KY_TN_ClassII_InjectionWells_NAD27 GEOGCS['GCS_North_American_1983_HARN',DATUM['D_North_American_1983_HARN',SPHEROID['GRS_1980',6378137.0,298.257222101]],PRIMEM['Greenwich',0.0],UNIT['Degree',0.0174532925199433]]</Process><Process ToolSource="c:\program files (x86)\arcgis\desktop10.1\ArcToolbox\Toolboxes\Data Management Tools.tbx\DefineProjection" Date="20130408" Time="160122">DefineProjection KY_TN_ClassII_InjectionWells_NAD27 GEOGCS['GCS_North_American_1983_HARN',DATUM['D_North_American_1983_HARN',SPHEROID['GRS_1980',6378137.0,298.257222101]],PRIMEM['Greenwich',0.0],UNIT['Degree',0.0174532925199433]]</Process><Process ToolSource="c:\program files (x86)\arcgis\desktop10.1\ArcToolbox\Toolboxes\Data Management Tools.tbx\DefineProjection" Date="20130408" Time="160228">DefineProjection KY_TN_ClassII_InjectionWells_NAD27 GEOGCS['GCS_North_American_1983_HARN',DATUM['D_North_American_1983_HARN',SPHEROID['GRS_1980',6378137.0,298.257222101]],PRIMEM['Greenwich',0.0],UNIT['Degree',0.0174532925199433]]</Process><Process ToolSource="c:\program files (x86)\arcgis\desktop10.1\ArcToolbox\Toolboxes\Data Management Tools.tbx\Merge" Date="20130408" Time="160409">Merge KY_TN_ClassII_InjectionWells_NAD27;KY_TN_ClassII_InjectionWells_WGS84 C:\Users\wauch\Desktop\GIS\KY_TN_ClassII_InjectionWells\KY_TN_ClassII_InjectionWells_Both.shp "EPA_ID "EPA_ID" true true false 254 Text 0 0 ,First,#,KY_TN_ClassII_InjectionWells_NAD27,EPA_ID,-1,-1,KY_TN_ClassII_InjectionWells_WGS84,EPA_ID,-1,-1;COMPANY_NA "COMPANY_NA" true true false 254 Text 0 0 ,First,#,KY_TN_ClassII_InjectionWells_NAD27,COMPANY_NA,-1,-1,KY_TN_ClassII_InjectionWells_WGS84,COMPANY_NA,-1,-1;WELL_NAME "WELL_NAME" true true false 254 Text 0 0 ,First,#,KY_TN_ClassII_InjectionWells_NAD27,WELL_NAME,-1,-1,KY_TN_ClassII_InjectionWells_WGS84,WELL_NAME,-1,-1;WELL_NO "WELL_NO" true true false 254 Text 0 0 ,First,#,KY_TN_ClassII_InjectionWells_NAD27,WELL_NO,-1,-1,KY_TN_ClassII_InjectionWells_WGS84,WELL_NO,-1,-1;WELL_CLASS "WELL_CLASS" true true false 16 Double 6 15 ,First,#,KY_TN_ClassII_InjectionWells_NAD27,WELL_CLASS,-1,-1,KY_TN_ClassII_InjectionWells_WGS84,WELL_CLASS,-1,-1;WELL_TYPE "WELL_TYPE" true true false 254 Text 0 0 ,First,#,KY_TN_ClassII_InjectionWells_NAD27,WELL_TYPE,-1,-1,KY_TN_ClassII_InjectionWells_WGS84,WELL_TYPE,-1,-1;DESC_1 "DESC_1" true true false 254 Text 0 0 ,First,#,KY_TN_ClassII_InjectionWells_NAD27,DESC_1,-1,-1,KY_TN_ClassII_InjectionWells_WGS84,DESC_1,-1,-1;STATE "STATE" true true false 254 Text 0 0 ,First,#,KY_TN_ClassII_InjectionWells_NAD27,STATE,-1,-1,KY_TN_ClassII_InjectionWells_WGS84,STATE,-1,-1;COUNTY "COUNTY" true true false 254 Text 0 0 ,First,#,KY_TN_ClassII_InjectionWells_NAD27,COUNTY,-1,-1,KY_TN_ClassII_InjectionWells_WGS84,COUNTY,-1,-1;STATUS "STATUS" true true false 254 Text 0 0 ,First,#,KY_TN_ClassII_InjectionWells_NAD27,STATUS,-1,-1,KY_TN_ClassII_InjectionWells_WGS84,STATUS,-1,-1;DESC_2 "DESC_2" true true false 254 Text 0 0 ,First,#,KY_TN_ClassII_InjectionWells_NAD27,DESC_2,-1,-1,KY_TN_ClassII_InjectionWells_WGS84,DESC_2,-1,-1;TD "TD" true true false 16 Double 6 15 ,First,#,KY_TN_ClassII_InjectionWells_NAD27,TD,-1,-1,KY_TN_ClassII_InjectionWells_WGS84,TD,-1,-1;GROUND_ELE "GROUND_ELE" true true false 16 Double 6 15 ,First,#,KY_TN_ClassII_InjectionWells_NAD27,GROUND_ELE,-1,-1,KY_TN_ClassII_InjectionWells_WGS84,GROUND_ELE,-1,-1;INJECTION_ "INJECTION_" true true false 254 Text 0 0 ,First,#,KY_TN_ClassII_InjectionWells_NAD27,INJECTION_,-1,-1,KY_TN_ClassII_InjectionWells_WGS84,INJECTION_,-1,-1;INJECTION1 "INJECTION1" true true false 16 Double 6 15 ,First,#,KY_TN_ClassII_InjectionWells_NAD27,INJECTION1,-1,-1,KY_TN_ClassII_InjectionWells_WGS84,INJECTION1,-1,-1;INJECTIO_1 "INJECTIO_1" true true false 16 Double 6 15 ,First,#,KY_TN_ClassII_InjectionWells_NAD27,INJECTIO_1,-1,-1,KY_TN_ClassII_InjectionWells_WGS84,INJECTIO_1,-1,-1;WELL_LAT "WELL_LAT" true true false 16 Double 6 15 ,First,#,KY_TN_ClassII_InjectionWells_NAD27,WELL_LAT,-1,-1,KY_TN_ClassII_InjectionWells_WGS84,WELL_LAT,-1,-1;WELL_LONG "WELL_LONG" true true false 16 Double 6 15 ,First,#,KY_TN_ClassII_InjectionWells_NAD27,WELL_LONG,-1,-1,KY_TN_ClassII_InjectionWells_WGS84,WELL_LONG,-1,-1;HORIZ_DATU "HORIZ_DATU" true true false 254 Text 0 0 ,First,#,KY_TN_ClassII_InjectionWells_NAD27,HORIZ_DATU,-1,-1,KY_TN_ClassII_InjectionWells_WGS84,HORIZ_DATU,-1,-1"</Process></lineage><itemProps><itemName Sync="TRUE">KY_TN_ClassII_InjectionWells_Both</itemName><imsContentType Sync="TRUE">002</imsContentType><itemSize Sync="TRUE">0.000</itemSize><itemLocation><linkage Sync="TRUE">file://\\WAUCH-THINK\Users\wauch\Desktop\GIS\KY_TN_ClassII_InjectionWells\KY_TN_ClassII_InjectionWells_Both.shp</linkage><protocol Sync="TRUE">Local Area Network</protocol></itemLocation></itemProps><coordRef><type Sync="TRUE">Geographic</type><geogcsn Sync="TRUE">GCS_North_American_1983_HARN</geogcsn><csUnits Sync="TRUE">Angular Unit: Degree (0.017453)</csUnits><peXml Sync="TRUE">&lt;GeographicCoordinateSystem xsi:type='typens:GeographicCoordinateSystem' xmlns:xsi='http://www.w3.org/2001/XMLSchema-instance' xmlns:xs='http://www.w3.org/2001/XMLSchema' xmlns:typens='http://www.esri.com/schemas/ArcGIS/10.1'&gt;&lt;WKT&gt;GEOGCS[&amp;quot;GCS_North_American_1983_HARN&amp;quot;,DATUM[&amp;quot;D_North_American_1983_HARN&amp;quot;,SPHEROID[&amp;quot;GRS_1980&amp;quot;,6378137.0,298.257222101]],PRIMEM[&amp;quot;Greenwich&amp;quot;,0.0],UNIT[&amp;quot;Degree&amp;quot;,0.0174532925199433],AUTHORITY[&amp;quot;EPSG&amp;quot;,4152]]&lt;/WKT&gt;&lt;XOrigin&gt;-400&lt;/XOrigin&gt;&lt;YOrigin&gt;-400&lt;/YOrigin&gt;&lt;XYScale&gt;11258999068426.238&lt;/XYScale&gt;&lt;ZOrigin&gt;-100000&lt;/ZOrigin&gt;&lt;ZScale&gt;10000&lt;/ZScale&gt;&lt;MOrigin&gt;-100000&lt;/MOrigin&gt;&lt;MScale&gt;10000&lt;/MScale&gt;&lt;XYTolerance&gt;8.9831528411952133e-009&lt;/XYTolerance&gt;&lt;ZTolerance&gt;0.001&lt;/ZTolerance&gt;&lt;MTolerance&gt;0.001&lt;/MTolerance&gt;&lt;HighPrecision&gt;true&lt;/HighPrecision&gt;&lt;LeftLongitude&gt;-180&lt;/LeftLongitude&gt;&lt;WKID&gt;4152&lt;/WKID&gt;&lt;LatestWKID&gt;4152&lt;/LatestWKID&gt;&lt;/GeographicCoordinateSystem&gt;</peXml></coordRef></DataProperties><SyncDate>20130408</SyncDate><SyncTime>16040900</SyncTime><ModDate>20130408</ModDate><ModTime>16040900</ModTime></Esri><dataIdInfo><envirDesc Sync="TRUE">Microsoft Windows 7 Version 6.1 (Build 7601) Service Pack 1; Esri ArcGIS 10.1.0.3035</envirDesc><dataLang><languageCode value="eng" Sync="TRUE"></languageCode><countryCode value="USA" Sync="TRUE"></countryCode></dataLang><idCitation><resTitle Sync="TRUE">KY_TN_ClassII_InjectionWells_Both</resTitle><presForm><PresFormCd value="005" Sync="TRUE"></PresFormCd></presForm></idCitation><spatRpType><SpatRepTypCd value="001" Sync="TRUE"></SpatRepTypCd></spatRpType></dataIdInfo><mdLang><languageCode value="eng" Sync="TRUE"></languageCode><countryCode value="USA" Sync="TRUE"></countryCode></mdLang><mdChar><CharSetCd value="004" Sync="TRUE"></CharSetCd></mdChar><distInfo><distFormat><formatName Sync="TRUE">Shapefile</formatName></distFormat><distTranOps><transSize Sync="TRUE">0.000</transSize></distTranOps></distInfo><mdHrLv><ScopeCd value="005" Sync="TRUE"></ScopeCd></mdHrLv><mdHrLvName Sync="TRUE">dataset</mdHrLvName><refSysInfo><RefSystem><refSysID><identCode code="4152" Sync="TRUE"></identCode><idCodeSpace Sync="TRUE">EPSG</idCodeSpace><idVersion Sync="TRUE">7.9.4</idVersion></refSysID></RefSystem></refSysInfo><spatRepInfo><VectSpatRep><geometObjs Name="KY_TN_ClassII_InjectionWells_Both"><geoObjTyp><GeoObjTypCd value="004" Sync="TRUE"></GeoObjTypCd></geoObjTyp><geoObjCnt Sync="TRUE">0</geoObjCnt></geometObjs><topLvl><TopoLevCd value="001" Sync="TRUE"></TopoLevCd></topLvl></VectSpatRep></spatRepInfo><spdoinfo><ptvctinf><esriterm Name="KY_TN_ClassII_InjectionWells_Both"><efeatyp Sync="TRUE">Simple</efeatyp><efeageom code="1" Sync="TRUE"></efeageom><esritopo Sync="TRUE">FALSE</esritopo><efeacnt Sync="TRUE">0</efeacnt><spindex Sync="TRUE">FALSE</spindex><linrefer Sync="TRUE">FALSE</linrefer></esriterm></ptvctinf></spdoinfo><eainfo><detailed Name="KY_TN_ClassII_InjectionWells_Both"><enttyp><enttypl Sync="TRUE">KY_TN_ClassII_InjectionWells_Both</enttypl><enttypt Sync="TRUE">Feature Class</enttypt><enttypc Sync="TRUE">0</enttypc></enttyp><attr><attrlabl Sync="TRUE">FID</attrlabl><attalias Sync="TRUE">FID</attalias><attrtype Sync="TRUE">OID</attrtype><attwidth Sync="TRUE">4</attwidth><atprecis Sync="TRUE">0</atprecis><attscale Sync="TRUE">0</attscale><attrdef Sync="TRUE">Internal feature number.</attrdef><attrdefs Sync="TRUE">Esri</attrdefs><attrdomv><udom Sync="TRUE">Sequential unique whole numbers that are automatically generated.</udom></attrdomv></attr><attr><attrlabl Sync="TRUE">Shape</attrlabl><attalias Sync="TRUE">Shape</attalias><attrtype Sync="TRUE">Geometry</attrtype><attwidth Sync="TRUE">0</attwidth><atprecis Sync="TRUE">0</atprecis><attscale Sync="TRUE">0</attscale><attrdef Sync="TRUE">Feature geometry.</attrdef><attrdefs Sync="TRUE">Esri</attrdefs><attrdomv><udom Sync="TRUE">Coordinates defining the features.</udom></attrdomv></attr><attr><attrlabl Sync="TRUE">EPA_ID</attrlabl><attalias Sync="TRUE">EPA_ID</attalias><attrtype Sync="TRUE">String</attrtype><attwidth Sync="TRUE">254</attwidth><atprecis Sync="TRUE">0</atprecis><attscale Sync="TRUE">0</attscale></attr><attr><attrlabl Sync="TRUE">COMPANY_NA</attrlabl><attalias Sync="TRUE">COMPANY_NA</attalias><attrtype Sync="TRUE">String</attrtype><attwidth Sync="TRUE">254</attwidth><atprecis Sync="TRUE">0</atprecis><attscale Sync="TRUE">0</attscale></attr><attr><attrlabl Sync="TRUE">WELL_NAME</attrlabl><attalias Sync="TRUE">WELL_NAME</attalias><attrtype Sync="TRUE">String</attrtype><attwidth Sync="TRUE">254</attwidth><atprecis Sync="TRUE">0</atprecis><attscale Sync="TRUE">0</attscale></attr><attr><attrlabl Sync="TRUE">WELL_NO</attrlabl><attalias Sync="TRUE">WELL_NO</attalias><attrtype Sync="TRUE">String</attrtype><attwidth Sync="TRUE">254</attwidth><atprecis Sync="TRUE">0</atprecis><attscale Sync="TRUE">0</attscale></attr><attr><attrlabl Sync="TRUE">WELL_CLASS</attrlabl><attalias Sync="TRUE">WELL_CLASS</attalias><attrtype Sync="TRUE">Double</attrtype><attwidth Sync="TRUE">16</attwidth><atprecis Sync="TRUE">15</atprecis><attscale Sync="TRUE">6</attscale></attr><attr><attrlabl Sync="TRUE">WELL_TYPE</attrlabl><attalias Sync="TRUE">WELL_TYPE</attalias><attrtype Sync="TRUE">String</attrtype><attwidth Sync="TRUE">254</attwidth><atprecis Sync="TRUE">0</atprecis><attscale Sync="TRUE">0</attscale></attr><attr><attrlabl Sync="TRUE">DESC_1</attrlabl><attalias Sync="TRUE">DESC_1</attalias><attrtype Sync="TRUE">String</attrtype><attwidth Sync="TRUE">254</attwidth><atprecis Sync="TRUE">0</atprecis><attscale Sync="TRUE">0</attscale></attr><attr><attrlabl Sync="TRUE">STATE</attrlabl><attalias Sync="TRUE">STATE</attalias><attrtype Sync="TRUE">String</attrtype><attwidth Sync="TRUE">254</attwidth><atprecis Sync="TRUE">0</atprecis><attscale Sync="TRUE">0</attscale></attr><attr><attrlabl Sync="TRUE">COUNTY</attrlabl><attalias Sync="TRUE">COUNTY</attalias><attrtype Sync="TRUE">String</attrtype><attwidth Sync="TRUE">254</attwidth><atprecis Sync="TRUE">0</atprecis><attscale Sync="TRUE">0</attscale></attr><attr><attrlabl Sync="TRUE">STATUS</attrlabl><attalias Sync="TRUE">STATUS</attalias><attrtype Sync="TRUE">String</attrtype><attwidth Sync="TRUE">254</attwidth><atprecis Sync="TRUE">0</atprecis><attscale Sync="TRUE">0</attscale></attr><attr><attrlabl Sync="TRUE">DESC_2</attrlabl><attalias Sync="TRUE">DESC_2</attalias><attrtype Sync="TRUE">String</attrtype><attwidth Sync="TRUE">254</attwidth><atprecis Sync="TRUE">0</atprecis><attscale Sync="TRUE">0</attscale></attr><attr><attrlabl Sync="TRUE">TD</attrlabl><attalias Sync="TRUE">TD</attalias><attrtype Sync="TRUE">Double</attrtype><attwidth Sync="TRUE">16</attwidth><atprecis Sync="TRUE">15</atprecis><attscale Sync="TRUE">6</attscale></attr><attr><attrlabl Sync="TRUE">GROUND_ELE</attrlabl><attalias Sync="TRUE">GROUND_ELE</attalias><attrtype Sync="TRUE">Double</attrtype><attwidth Sync="TRUE">16</attwidth><atprecis Sync="TRUE">15</atprecis><attscale Sync="TRUE">6</attscale></attr><attr><attrlabl Sync="TRUE">INJECTION_</attrlabl><attalias Sync="TRUE">INJECTION_</attalias><attrtype Sync="TRUE">String</attrtype><attwidth Sync="TRUE">254</attwidth><atprecis Sync="TRUE">0</atprecis><attscale Sync="TRUE">0</attscale></attr><attr><attrlabl Sync="TRUE">INJECTION1</attrlabl><attalias Sync="TRUE">INJECTION1</attalias><attrtype Sync="TRUE">Double</attrtype><attwidth Sync="TRUE">16</attwidth><atprecis Sync="TRUE">15</atprecis><attscale Sync="TRUE">6</attscale></attr><attr><attrlabl Sync="TRUE">INJECTIO_1</attrlabl><attalias Sync="TRUE">INJECTIO_1</attalias><attrtype Sync="TRUE">Double</attrtype><attwidth Sync="TRUE">16</attwidth><atprecis Sync="TRUE">15</atprecis><attscale Sync="TRUE">6</attscale></attr><attr><attrlabl Sync="TRUE">WELL_LAT</attrlabl><attalias Sync="TRUE">WELL_LAT</attalias><attrtype Sync="TRUE">Double</attrtype><attwidth Sync="TRUE">16</attwidth><atprecis Sync="TRUE">15</atprecis><attscale Sync="TRUE">6</attscale></attr><attr><attrlabl Sync="TRUE">WELL_LONG</attrlabl><attalias Sync="TRUE">WELL_LONG</attalias><attrtype Sync="TRUE">Double</attrtype><attwidth Sync="TRUE">16</attwidth><atprecis Sync="TRUE">15</atprecis><attscale Sync="TRUE">6</attscale></attr><attr><attrlabl Sync="TRUE">HORIZ_DATU</attrlabl><attalias Sync="TRUE">HORIZ_DATU</attalias><attrtype Sync="TRUE">String</attrtype><attwidth Sync="TRUE">254</attwidth><atprecis Sync="TRUE">0</atprecis><attscale Sync="TRUE">0</attscale></attr></detailed></eainfo><mdDateSt Sync="TRUE">20130408</mdDateSt></metadata>
